INSERT INTO lavagem
values
(1,50.1, 'tenis', 'HLavagens')

INSERT INTO lavagem
values
(2,70.5, 'Bone', 'HLavagens')

INSERT INTO lavagem
values
(3, 100, 'bolsa', 'JLavagens')

INSERT INTO lavagem
values
(4, 120, 'jaqueta', 'JLavagens')

INSERT INTO lavagem
values
(5, 2000, 'tenis', 'VLagens')

INSERT INTO lavagem
values
(6, 150, 'chapeu', 'VLagens')

INSERT INTO lavagem
values
(7, 300.8, 'mochila', 'VLavagens')

INSERT INTO lavagem
values
(8, 75, 'calça', 'VLavagens')




INSERT INTO entregador_lavagem
values
(1, 1, 'motoboy')
INSERT INTO entregador_lavagem
values
(2, 2, 'retirada')
INSERT INTO entregador_lavagem
values
(3, 3, 'motoboy')
INSERT INTO entregador_lavagem
values
(4, 4, 'retirada')
INSERT INTO entregador_lavagem
values
(5, 5, 'retirada')
INSERT INTO entregador_lavagem
values
(6, 6, 'motoboy')
INSERT INTO entregador_lavagem
values
(7, 7, 'retirada')

INSERT INTO entregador_lavagem
values
(8, 8, 'motoboy')


INSERT INTO agendamento
values
(1, '2022-05-28', '11:30:00')
INSERT INTO agendamento
values
(2,'2022-05-24', '10:00:00')
INSERT INTO agendamento
values
(3,'2022-05-20', '09:00:00')
INSERT INTO agendamento
values
(4,'2022-01-20', '12:00:00')
INSERT INTO agendamento
values
(5,'2022-03-30', '13:35:56')
INSERT INTO agendamento
values
(6,'2022-03-28', '10:00:00')
INSERT INTO agendamento
values
(7,'2022-04-12', '15:30:00')

INSERT INTO agendamento
values
(8,'2022-04-24', '12:00:00')

INSERT INTO usuario
VALUES
(1)

INSERT INTO usuario
VALUES
(2)

INSERT INTO usuario
VALUES
(3)

INSERT INTO usuario
VALUES
(4)

INSERT INTO usuario
VALUES
(5)
INSERT INTO usuario
VALUES
(6)
INSERT INTO usuario
VALUES
(7)

INSERT INTO usuario
VALUES
(8)








INSERT INTO cadastro_cliente
VALUES
('10234523454', '813543211','Vitor Martins Oliveira','vitinho@gmail.com','09820130', 'rua braga', 'SBC', 123, 'lusitania', 'SP','212312376533434')

INSERT INTO dados_bancarios_cliente 
VALUES
('Murilo Gomes Munhoz', '212312376533434', '2025-03-28',312)

INSERT INTO cadastro_entregador
VALUES
('João','201928310923812', 'moto')

INSERT INTO dados_bancarios_lavanderia
VALUES
('001', '3022','212312321245')

INSERT INTO cadastro_lavanderia
VALUES
('12340975847', 'JLavagens@gmail.com','13:00:00', 'JLavagens', 'rua José orácio', 'Diadema',123, 'Vila nogueira', 'SP', '212312321245')

INSERT INTO entregador
values
(1, 5, '201928310923812')

INSERT INTO lavanderia
VALUES
(2,1,'12340975847')

INSERT INTO lavanderia_lavagem
values
(1,1)

INSERT INTO telefone_cadastro_cliente
VALUES
('479006768', '10234523454')

INSERT INTO telefone_cadastro_entregador
VALUES
('201928310923812','2131241212')

INSERT INTO telefone_cadastro_lavanderia
VALUES
('12340975847','334122312')

INSERT INTO usuario 
VALUES
(6)



INSERT INTO agendamento values
(6, '2022-03-28', '10:00:00')

INSERT INTO entregador_lavagem
VALUES
(6, 6,'motoboy')

INSERT INTO lavagem
VALUES
(6, 150,'chapeu', 'VLagens')




INSERT INTO dados_bancarios_cliente 
VALUES
('José Martins', '234874216741598', '2024-05-29',312)

INSERT INTO cadastro_cliente
VALUES
('51995533807', '393342266','José Martins','jose@gmail.com','09824278', 'rua flores', 'SBC', 456, 'jardins', 'SP','234874216741598')


INSERT INTO dados_bancarios_cliente 
VALUES
('Adolfo', '438176518912658', '2025-06-01',456)

INSERT INTO cadastro_cliente
VALUES
('07989266647', '456547894','Adolfo','adolfo@gmail.com','04098728', 'rua ferdinando', 'ST', 895, 'laranjeiras', 'SP','438176518912658')

INSERT INTO dados_bancarios_cliente 
VALUES
('Wladisson', '826419739632741', '2028-09-15',753)

INSERT INTO cadastro_cliente
VALUES
('45687193581', '794613846','Wladisson','wladisson@gmail.com','17545687', 'rua dusi', 'SC', 069, 'independente', 'SP','826419739632741')

INSERT INTO cadastro_entregador
VALUES
('Beto','987445621894753', 'moto')

INSERT INTO cadastro_entregador
VALUES
('Renatinho','246897657832792', 'moto')

INSERT INTO cadastro_entregador
VALUES
('Thiago','467913497643167', 'Fiorino')


INSERT INTO dados_bancarios_lavanderia
VALUES
('004', '4899','129773287498')
INSERT INTO cadastro_lavanderia
VALUES
('79544917648', 'washlavagens@gmail.com','18:00:00', 'WashLavagens', 'rua Otavio Neto', 'Diadema',756, 'Eldorado', 'SP', '129773287498')

INSERT INTO dados_bancarios_lavanderia
VALUES
('054', '7544','145674569856')
INSERT INTO cadastro_lavanderia
VALUES
('25468513746', 'zayonclean@gmail.com','18:30:00', 'ZayonClean', 'rua Brigadeiro', 'SC',754, 'Planalto', 'SP', '145674569856')

INSERT INTO dados_bancarios_lavanderia
VALUES
('099', '6578','224565783996')
INSERT INTO cadastro_lavanderia
VALUES
('39961079777', 'whiteClean@gmail.com','18:15:00', 'WhiteClean', 'rua São João', 'SBC',236, 'Nova Petropolis', 'SP', '224565783996')



INSERT INTO entregador
values
(2, 10, '987445621894753')
INSERT INTO entregador
values
(3, 2, '246897657832792')
INSERT INTO entregador
values
(4, 15, '467913497643167')



INSERT INTO lavanderia
VALUES
(2,1,'12340975847')
INSERT INTO lavanderia
VALUES
(6,2,'79544917648')
INSERT INTO lavanderia
VALUES
(10,3,'25468513746')
INSERT INTO lavanderia
VALUES
(12,4,'39961079777')



INSERT INTO lavanderia_lavagem
values
(2,2)
INSERT INTO lavanderia_lavagem
values
(3,3)
INSERT INTO lavanderia_lavagem
values
(4,4)



INSERT INTO telefone_cadastro_cliente
VALUES
('479006768', '10234523454')
INSERT INTO telefone_cadastro_cliente
VALUES
('400289221', '51995533807')
INSERT INTO telefone_cadastro_cliente
VALUES
('451224667', '07989266647')
INSERT INTO telefone_cadastro_cliente
VALUES
('897887123', '45687193581')






INSERT INTO telefone_cadastro_entregador
VALUES
('201928310923812','2131241212')
INSERT INTO telefone_cadastro_entregador
VALUES
('987445621894753','4567891232')
INSERT INTO telefone_cadastro_entregador
VALUES
('246897657832792','9914567891')
INSERT INTO telefone_cadastro_entregador
VALUES
('467913497643167','1236789023')



INSERT INTO telefone_cadastro_lavanderia
VALUES
('12340975847','334122312')
INSERT INTO telefone_cadastro_lavanderia
VALUES
('79544917648','456789123')
INSERT INTO telefone_cadastro_lavanderia
VALUES
('25468513746','123456789')
INSERT INTO telefone_cadastro_lavanderia
VALUES
('39961079777','567891234')
