<?xml version="1.0" encoding="UTF-8"?>
<project-private xmlns="http://www.netbeans.org/ns/project-private/1">
    <editor-bookmarks xmlns="http://www.netbeans.org/ns/editor-bookmarks/2" lastBookmarkId="0"/>
    <open-files xmlns="http://www.netbeans.org/ns/projectui-open-files/2">
        <group>
            <file>file:/home/akajhon/Documentos/3º%20Semestre%20FEI/CC3642%20-%20Orientação%20a%20Objetos/Códigos/Semana%2010/S10Ex2/src/s10ex2/S10Ex2.java</file>
            <file>file:/home/akajhon/Documentos/3º%20Semestre%20FEI/CC3642%20-%20Orientação%20a%20Objetos/Códigos/Semana%2010/S10Ex2/src/s10ex2/Pessoa.java</file>
        </group>
    </open-files>
</project-private>
